alcohol_*C1_electrostatic_charge,alcohol_*C1_exposed_area,alcohol_electronegativity,alcohol_primary,alcohol_secondary,alcohol_tertiary,alcohol_cyclic ,alcohol_4-membered_ring,alcohol_5-membered_ring,alcohol_6-membered_ring,alcohol_7-membered_ring,alcohol_benzylic,alcohol_allylic,alcohol_homobenzylic,alcohol_homoallylic,alcohol_alpha-carbonyl,alcohol_beta_carbonyl,alcohol_hemiacetal,alcohol_alpha amino,base_*N1_exposed_area,sulfonyl_fluoride_*S1_electrostatic_charge,sulfonyl_fluoride_*F1_electrostatic_charge,sulfonyl_fluoride_*O1_electrostatic_charge,yield
0.101,13.68,0.12,1,0,0,0,0,0,0,0,0,0,0,0,0,0,0,0,7.397,0.973,-0.21,-0.439,42
0.101,13.68,0.12,1,0,0,0,0,0,0,0,0,0,0,0,0,0,0,0,7.397,0.849,-0.198,-0.401,48
0.101,13.68,0.12,1,0,0,0,0,0,0,0,0,0,0,0,0,0,0,0,7.397,0.978,-0.208,-0.436,47
0.101,13.68,0.12,1,0,0,0,0,0,0,0,0,0,0,0,0,0,0,0,7.397,0.973,-0.204,-0.43,52
0.101,13.68,0.12,1,0,0,0,0,0,0,0,0,0,0,0,0,0,0,0,7.397,0.926,-0.162,-0.384,52
0.101,13.68,0.12,1,0,0,0,0,0,0,0,0,0,0,0,0,0,0,0,6.069,0.973,-0.21,-0.439,76
0.101,13.68,0.12,1,0,0,0,0,0,0,0,0,0,0,0,0,0,0,0,6.069,0.849,-0.198,-0.401,78
0.101,13.68,0.12,1,0,0,0,0,0,0,0,0,0,0,0,0,0,0,0,6.069,0.978,-0.208,-0.436,87
0.101,13.68,0.12,1,0,0,0,0,0,0,0,0,0,0,0,0,0,0,0,6.069,0.973,-0.204,-0.43,82
0.101,13.68,0.12,1,0,0,0,0,0,0,0,0,0,0,0,0,0,0,0,6.069,0.926,-0.162,-0.384,80
0.101,13.68,0.12,1,0,0,0,0,0,0,0,0,0,0,0,0,0,0,0,4.727,0.973,-0.21,-0.439,78
0.101,13.68,0.12,1,0,0,0,0,0,0,0,0,0,0,0,0,0,0,0,4.727,0.849,-0.198,-0.401,79
0.101,13.68,0.12,1,0,0,0,0,0,0,0,0,0,0,0,0,0,0,0,4.727,0.978,-0.208,-0.436,91
0.101,13.68,0.12,1,0,0,0,0,0,0,0,0,0,0,0,0,0,0,0,4.727,0.973,-0.204,-0.43,87
0.101,13.68,0.12,1,0,0,0,0,0,0,0,0,0,0,0,0,0,0,0,4.727,0.926,-0.162,-0.384,84
0.101,13.68,0.12,1,0,0,0,0,0,0,0,0,0,0,0,0,0,0,0,5.305,0.973,-0.21,-0.439,87
0.101,13.68,0.12,1,0,0,0,0,0,0,0,0,0,0,0,0,0,0,0,5.305,0.849,-0.198,-0.401,88
0.101,13.68,0.12,1,0,0,0,0,0,0,0,0,0,0,0,0,0,0,0,5.305,0.978,-0.208,-0.436,96
0.101,13.68,0.12,1,0,0,0,0,0,0,0,0,0,0,0,0,0,0,0,5.305,0.973,-0.204,-0.43,83
0.101,13.68,0.12,1,0,0,0,0,0,0,0,0,0,0,0,0,0,0,0,5.305,0.926,-0.162,-0.384,94
0.474,6.211,0.11,0,1,0,0,0,0,0,0,0,0,0,0,0,0,0,0,7.397,0.973,-0.21,-0.439,40
0.474,6.211,0.11,0,1,0,0,0,0,0,0,0,0,0,0,0,0,0,0,7.397,0.849,-0.198,-0.401,57
0.474,6.211,0.11,0,1,0,0,0,0,0,0,0,0,0,0,0,0,0,0,7.397,0.978,-0.208,-0.436,52
0.474,6.211,0.11,0,1,0,0,0,0,0,0,0,0,0,0,0,0,0,0,7.397,0.973,-0.204,-0.43,54
0.474,6.211,0.11,0,1,0,0,0,0,0,0,0,0,0,0,0,0,0,0,7.397,0.926,-0.162,-0.384,39
0.474,6.211,0.11,0,1,0,0,0,0,0,0,0,0,0,0,0,0,0,0,6.069,0.973,-0.21,-0.439,54
0.474,6.211,0.11,0,1,0,0,0,0,0,0,0,0,0,0,0,0,0,0,6.069,0.849,-0.198,-0.401,59
0.474,6.211,0.11,0,1,0,0,0,0,0,0,0,0,0,0,0,0,0,0,6.069,0.978,-0.208,-0.436,69
0.474,6.211,0.11,0,1,0,0,0,0,0,0,0,0,0,0,0,0,0,0,6.069,0.973,-0.204,-0.43,63
0.474,6.211,0.11,0,1,0,0,0,0,0,0,0,0,0,0,0,0,0,0,6.069,0.926,-0.162,-0.384,60
0.474,6.211,0.11,0,1,0,0,0,0,0,0,0,0,0,0,0,0,0,0,4.727,0.973,-0.21,-0.439,41
0.474,6.211,0.11,0,1,0,0,0,0,0,0,0,0,0,0,0,0,0,0,4.727,0.849,-0.198,-0.401,49
0.474,6.211,0.11,0,1,0,0,0,0,0,0,0,0,0,0,0,0,0,0,4.727,0.978,-0.208,-0.436,57
0.474,6.211,0.11,0,1,0,0,0,0,0,0,0,0,0,0,0,0,0,0,4.727,0.973,-0.204,-0.43,55
0.474,6.211,0.11,0,1,0,0,0,0,0,0,0,0,0,0,0,0,0,0,4.727,0.926,-0.162,-0.384,61
0.474,6.211,0.11,0,1,0,0,0,0,0,0,0,0,0,0,0,0,0,0,5.305,0.973,-0.21,-0.439,42
0.474,6.211,0.11,0,1,0,0,0,0,0,0,0,0,0,0,0,0,0,0,5.305,0.849,-0.198,-0.401,53
0.474,6.211,0.11,0,1,0,0,0,0,0,0,0,0,0,0,0,0,0,0,5.305,0.978,-0.208,-0.436,60
0.474,6.211,0.11,0,1,0,0,0,0,0,0,0,0,0,0,0,0,0,0,5.305,0.973,-0.204,-0.43,51
0.474,6.211,0.11,0,1,0,0,0,0,0,0,0,0,0,0,0,0,0,0,5.305,0.926,-0.162,-0.384,65
0.808,0.994,0.12,0,0,1,0,0,0,0,0,0,0,0,0,0,0,0,0,7.397,0.973,-0.21,-0.439,0
0.808,0.994,0.12,0,0,1,0,0,0,0,0,0,0,0,0,0,0,0,0,7.397,0.849,-0.198,-0.401,4
0.808,0.994,0.12,0,0,1,0,0,0,0,0,0,0,0,0,0,0,0,0,7.397,0.978,-0.208,-0.436,2
0.808,0.994,0.12,0,0,1,0,0,0,0,0,0,0,0,0,0,0,0,0,7.397,0.973,-0.204,-0.43,4
0.808,0.994,0.12,0,0,1,0,0,0,0,0,0,0,0,0,0,0,0,0,7.397,0.926,-0.162,-0.384,9
0.808,0.994,0.12,0,0,1,0,0,0,0,0,0,0,0,0,0,0,0,0,6.069,0.973,-0.21,-0.439,1
0.808,0.994,0.12,0,0,1,0,0,0,0,0,0,0,0,0,0,0,0,0,6.069,0.849,-0.198,-0.401,5
0.808,0.994,0.12,0,0,1,0,0,0,0,0,0,0,0,0,0,0,0,0,6.069,0.978,-0.208,-0.436,4
0.808,0.994,0.12,0,0,1,0,0,0,0,0,0,0,0,0,0,0,0,0,6.069,0.973,-0.204,-0.43,5
0.808,0.994,0.12,0,0,1,0,0,0,0,0,0,0,0,0,0,0,0,0,6.069,0.926,-0.162,-0.384,18
0.808,0.994,0.12,0,0,1,0,0,0,0,0,0,0,0,0,0,0,0,0,4.727,0.973,-0.21,-0.439,0
0.808,0.994,0.12,0,0,1,0,0,0,0,0,0,0,0,0,0,0,0,0,4.727,0.849,-0.198,-0.401,0
0.808,0.994,0.12,0,0,1,0,0,0,0,0,0,0,0,0,0,0,0,0,4.727,0.978,-0.208,-0.436,0
0.808,0.994,0.12,0,0,1,0,0,0,0,0,0,0,0,0,0,0,0,0,4.727,0.973,-0.204,-0.43,1
0.808,0.994,0.12,0,0,1,0,0,0,0,0,0,0,0,0,0,0,0,0,4.727,0.926,-0.162,-0.384,17
0.808,0.994,0.12,0,0,1,0,0,0,0,0,0,0,0,0,0,0,0,0,5.305,0.973,-0.21,-0.439,0
0.808,0.994,0.12,0,0,1,0,0,0,0,0,0,0,0,0,0,0,0,0,5.305,0.849,-0.198,-0.401,0
0.808,0.994,0.12,0,0,1,0,0,0,0,0,0,0,0,0,0,0,0,0,5.305,0.978,-0.208,-0.436,1
0.808,0.994,0.12,0,0,1,0,0,0,0,0,0,0,0,0,0,0,0,0,5.305,0.973,-0.204,-0.43,0
0.808,0.994,0.12,0,0,1,0,0,0,0,0,0,0,0,0,0,0,0,0,5.305,0.926,-0.162,-0.384,22
0.034,13.748,0.12,1,0,0,0,0,0,0,0,0,0,0,0,0,0,0,0,7.397,0.973,-0.21,-0.439,53
0.034,13.748,0.12,1,0,0,0,0,0,0,0,0,0,0,0,0,0,0,0,7.397,0.849,-0.198,-0.401,63
0.034,13.748,0.12,1,0,0,0,0,0,0,0,0,0,0,0,0,0,0,0,7.397,0.978,-0.208,-0.436,63
0.034,13.748,0.12,1,0,0,0,0,0,0,0,0,0,0,0,0,0,0,0,7.397,0.973,-0.204,-0.43,65
0.034,13.748,0.12,1,0,0,0,0,0,0,0,0,0,0,0,0,0,0,0,7.397,0.926,-0.162,-0.384,60
0.034,13.748,0.12,1,0,0,0,0,0,0,0,0,0,0,0,0,0,0,0,6.069,0.973,-0.21,-0.439,88
0.034,13.748,0.12,1,0,0,0,0,0,0,0,0,0,0,0,0,0,0,0,6.069,0.849,-0.198,-0.401,84
0.034,13.748,0.12,1,0,0,0,0,0,0,0,0,0,0,0,0,0,0,0,6.069,0.978,-0.208,-0.436,98
0.034,13.748,0.12,1,0,0,0,0,0,0,0,0,0,0,0,0,0,0,0,6.069,0.973,-0.204,-0.43,89
0.034,13.748,0.12,1,0,0,0,0,0,0,0,0,0,0,0,0,0,0,0,6.069,0.926,-0.162,-0.384,82
0.034,13.748,0.12,1,0,0,0,0,0,0,0,0,0,0,0,0,0,0,0,4.727,0.973,-0.21,-0.439,94
0.034,13.748,0.12,1,0,0,0,0,0,0,0,0,0,0,0,0,0,0,0,4.727,0.849,-0.198,-0.401,91
0.034,13.748,0.12,1,0,0,0,0,0,0,0,0,0,0,0,0,0,0,0,4.727,0.978,-0.208,-0.436,106
0.034,13.748,0.12,1,0,0,0,0,0,0,0,0,0,0,0,0,0,0,0,4.727,0.973,-0.204,-0.43,101
0.034,13.748,0.12,1,0,0,0,0,0,0,0,0,0,0,0,0,0,0,0,4.727,0.926,-0.162,-0.384,91
0.034,13.748,0.12,1,0,0,0,0,0,0,0,0,0,0,0,0,0,0,0,5.305,0.973,-0.21,-0.439,94
0.034,13.748,0.12,1,0,0,0,0,0,0,0,0,0,0,0,0,0,0,0,5.305,0.849,-0.198,-0.401,98
0.034,13.748,0.12,1,0,0,0,0,0,0,0,0,0,0,0,0,0,0,0,5.305,0.978,-0.208,-0.436,104
0.034,13.748,0.12,1,0,0,0,0,0,0,0,0,0,0,0,0,0,0,0,5.305,0.973,-0.204,-0.43,95
0.034,13.748,0.12,1,0,0,0,0,0,0,0,0,0,0,0,0,0,0,0,5.305,0.926,-0.162,-0.384,94
0.484,6.218,0.12,0,1,0,0,0,0,0,0,0,0,0,0,0,0,0,0,7.397,0.973,-0.21,-0.439,53
0.484,6.218,0.12,0,1,0,0,0,0,0,0,0,0,0,0,0,0,0,0,7.397,0.849,-0.198,-0.401,68
0.484,6.218,0.12,0,1,0,0,0,0,0,0,0,0,0,0,0,0,0,0,7.397,0.978,-0.208,-0.436,71
0.484,6.218,0.12,0,1,0,0,0,0,0,0,0,0,0,0,0,0,0,0,7.397,0.973,-0.204,-0.43,74
0.484,6.218,0.12,0,1,0,0,0,0,0,0,0,0,0,0,0,0,0,0,7.397,0.926,-0.162,-0.384,54
0.484,6.218,0.12,0,1,0,0,0,0,0,0,0,0,0,0,0,0,0,0,6.069,0.973,-0.21,-0.439,52
0.484,6.218,0.12,0,1,0,0,0,0,0,0,0,0,0,0,0,0,0,0,6.069,0.849,-0.198,-0.401,68
0.484,6.218,0.12,0,1,0,0,0,0,0,0,0,0,0,0,0,0,0,0,6.069,0.978,-0.208,-0.436,72
0.484,6.218,0.12,0,1,0,0,0,0,0,0,0,0,0,0,0,0,0,0,6.069,0.973,-0.204,-0.43,66
0.484,6.218,0.12,0,1,0,0,0,0,0,0,0,0,0,0,0,0,0,0,6.069,0.926,-0.162,-0.384,53
0.484,6.218,0.12,0,1,0,0,0,0,0,0,0,0,0,0,0,0,0,0,4.727,0.973,-0.21,-0.439,49
0.484,6.218,0.12,0,1,0,0,0,0,0,0,0,0,0,0,0,0,0,0,4.727,0.849,-0.198,-0.401,69
0.484,6.218,0.12,0,1,0,0,0,0,0,0,0,0,0,0,0,0,0,0,4.727,0.978,-0.208,-0.436,80
0.484,6.218,0.12,0,1,0,0,0,0,0,0,0,0,0,0,0,0,0,0,4.727,0.973,-0.204,-0.43,82
0.484,6.218,0.12,0,1,0,0,0,0,0,0,0,0,0,0,0,0,0,0,4.727,0.926,-0.162,-0.384,76
0.484,6.218,0.12,0,1,0,0,0,0,0,0,0,0,0,0,0,0,0,0,5.305,0.973,-0.21,-0.439,48
0.484,6.218,0.12,0,1,0,0,0,0,0,0,0,0,0,0,0,0,0,0,5.305,0.849,-0.198,-0.401,67
0.484,6.218,0.12,0,1,0,0,0,0,0,0,0,0,0,0,0,0,0,0,5.305,0.978,-0.208,-0.436,78
0.484,6.218,0.12,0,1,0,0,0,0,0,0,0,0,0,0,0,0,0,0,5.305,0.973,-0.204,-0.43,66
0.484,6.218,0.12,0,1,0,0,0,0,0,0,0,0,0,0,0,0,0,0,5.305,0.926,-0.162,-0.384,72
0,13.545,0.15,1,0,0,0,0,0,0,0,0,0,0,0,0,0,0,0,7.397,0.973,-0.21,-0.439,6
0,13.545,0.15,1,0,0,0,0,0,0,0,0,0,0,0,0,0,0,0,7.397,0.849,-0.198,-0.401,13
0,13.545,0.15,1,0,0,0,0,0,0,0,0,0,0,0,0,0,0,0,7.397,0.978,-0.208,-0.436,14
0,13.545,0.15,1,0,0,0,0,0,0,0,0,0,0,0,0,0,0,0,7.397,0.973,-0.204,-0.43,17
0,13.545,0.15,1,0,0,0,0,0,0,0,0,0,0,0,0,0,0,0,7.397,0.926,-0.162,-0.384,29
0,13.545,0.15,1,0,0,0,0,0,0,0,0,0,0,0,0,0,0,0,6.069,0.973,-0.21,-0.439,17
0,13.545,0.15,1,0,0,0,0,0,0,0,0,0,0,0,0,0,0,0,6.069,0.849,-0.198,-0.401,26
0,13.545,0.15,1,0,0,0,0,0,0,0,0,0,0,0,0,0,0,0,6.069,0.978,-0.208,-0.436,30
0,13.545,0.15,1,0,0,0,0,0,0,0,0,0,0,0,0,0,0,0,6.069,0.973,-0.204,-0.43,36
0,13.545,0.15,1,0,0,0,0,0,0,0,0,0,0,0,0,0,0,0,6.069,0.926,-0.162,-0.384,38
0,13.545,0.15,1,0,0,0,0,0,0,0,0,0,0,0,0,0,0,0,4.727,0.973,-0.21,-0.439,21
0,13.545,0.15,1,0,0,0,0,0,0,0,0,0,0,0,0,0,0,0,4.727,0.849,-0.198,-0.401,31
0,13.545,0.15,1,0,0,0,0,0,0,0,0,0,0,0,0,0,0,0,4.727,0.978,-0.208,-0.436,34
0,13.545,0.15,1,0,0,0,0,0,0,0,0,0,0,0,0,0,0,0,4.727,0.973,-0.204,-0.43,40
0,13.545,0.15,1,0,0,0,0,0,0,0,0,0,0,0,0,0,0,0,4.727,0.926,-0.162,-0.384,49
0,13.545,0.15,1,0,0,0,0,0,0,0,0,0,0,0,0,0,0,0,5.305,0.973,-0.21,-0.439,32
0,13.545,0.15,1,0,0,0,0,0,0,0,0,0,0,0,0,0,0,0,5.305,0.849,-0.198,-0.401,38
0,13.545,0.15,1,0,0,0,0,0,0,0,0,0,0,0,0,0,0,0,5.305,0.978,-0.208,-0.436,45
0,13.545,0.15,1,0,0,0,0,0,0,0,0,0,0,0,0,0,0,0,5.305,0.973,-0.204,-0.43,49
0,13.545,0.15,1,0,0,0,0,0,0,0,0,0,0,0,0,0,0,0,5.305,0.926,-0.162,-0.384,47
-0.044,12.357,0.15,1,0,0,0,0,0,0,0,0,0,0,0,0,0,0,1,7.397,0.973,-0.21,-0.439,43
-0.044,12.357,0.15,1,0,0,0,0,0,0,0,0,0,0,0,0,0,0,1,7.397,0.849,-0.198,-0.401,54
-0.044,12.357,0.15,1,0,0,0,0,0,0,0,0,0,0,0,0,0,0,1,7.397,0.978,-0.208,-0.436,54
-0.044,12.357,0.15,1,0,0,0,0,0,0,0,0,0,0,0,0,0,0,1,7.397,0.973,-0.204,-0.43,58
-0.044,12.357,0.15,1,0,0,0,0,0,0,0,0,0,0,0,0,0,0,1,7.397,0.926,-0.162,-0.384,52
-0.044,12.357,0.15,1,0,0,0,0,0,0,0,0,0,0,0,0,0,0,1,6.069,0.973,-0.21,-0.439,72
-0.044,12.357,0.15,1,0,0,0,0,0,0,0,0,0,0,0,0,0,0,1,6.069,0.849,-0.198,-0.401,74
-0.044,12.357,0.15,1,0,0,0,0,0,0,0,0,0,0,0,0,0,0,1,6.069,0.978,-0.208,-0.436,80
-0.044,12.357,0.15,1,0,0,0,0,0,0,0,0,0,0,0,0,0,0,1,6.069,0.973,-0.204,-0.43,77
-0.044,12.357,0.15,1,0,0,0,0,0,0,0,0,0,0,0,0,0,0,1,6.069,0.926,-0.162,-0.384,65
-0.044,12.357,0.15,1,0,0,0,0,0,0,0,0,0,0,0,0,0,0,1,4.727,0.973,-0.21,-0.439,73
-0.044,12.357,0.15,1,0,0,0,0,0,0,0,0,0,0,0,0,0,0,1,4.727,0.849,-0.198,-0.401,76
-0.044,12.357,0.15,1,0,0,0,0,0,0,0,0,0,0,0,0,0,0,1,4.727,0.978,-0.208,-0.436,80
-0.044,12.357,0.15,1,0,0,0,0,0,0,0,0,0,0,0,0,0,0,1,4.727,0.973,-0.204,-0.43,77
-0.044,12.357,0.15,1,0,0,0,0,0,0,0,0,0,0,0,0,0,0,1,4.727,0.926,-0.162,-0.384,56
-0.044,12.357,0.15,1,0,0,0,0,0,0,0,0,0,0,0,0,0,0,1,5.305,0.973,-0.21,-0.439,66
-0.044,12.357,0.15,1,0,0,0,0,0,0,0,0,0,0,0,0,0,0,1,5.305,0.849,-0.198,-0.401,75
-0.044,12.357,0.15,1,0,0,0,0,0,0,0,0,0,0,0,0,0,0,1,5.305,0.978,-0.208,-0.436,67
-0.044,12.357,0.15,1,0,0,0,0,0,0,0,0,0,0,0,0,0,0,1,5.305,0.973,-0.204,-0.43,73
-0.044,12.357,0.15,1,0,0,0,0,0,0,0,0,0,0,0,0,0,0,1,5.305,0.926,-0.162,-0.384,46
-0.043,12.177,0.11,1,0,0,0,0,0,0,0,0,0,0,0,0,0,0,1,7.397,0.973,-0.21,-0.439,6
-0.043,12.177,0.11,1,0,0,0,0,0,0,0,0,0,0,0,0,0,0,1,7.397,0.849,-0.198,-0.401,7
-0.043,12.177,0.11,1,0,0,0,0,0,0,0,0,0,0,0,0,0,0,1,7.397,0.978,-0.208,-0.436,8
-0.043,12.177,0.11,1,0,0,0,0,0,0,0,0,0,0,0,0,0,0,1,7.397,0.973,-0.204,-0.43,8
-0.043,12.177,0.11,1,0,0,0,0,0,0,0,0,0,0,0,0,0,0,1,7.397,0.926,-0.162,-0.384,10
-0.043,12.177,0.11,1,0,0,0,0,0,0,0,0,0,0,0,0,0,0,1,6.069,0.973,-0.21,-0.439,21
-0.043,12.177,0.11,1,0,0,0,0,0,0,0,0,0,0,0,0,0,0,1,6.069,0.849,-0.198,-0.401,18
-0.043,12.177,0.11,1,0,0,0,0,0,0,0,0,0,0,0,0,0,0,1,6.069,0.978,-0.208,-0.436,22
-0.043,12.177,0.11,1,0,0,0,0,0,0,0,0,0,0,0,0,0,0,1,6.069,0.973,-0.204,-0.43,20
-0.043,12.177,0.11,1,0,0,0,0,0,0,0,0,0,0,0,0,0,0,1,6.069,0.926,-0.162,-0.384,23
-0.043,12.177,0.11,1,0,0,0,0,0,0,0,0,0,0,0,0,0,0,1,4.727,0.973,-0.21,-0.439,26
-0.043,12.177,0.11,1,0,0,0,0,0,0,0,0,0,0,0,0,0,0,1,4.727,0.849,-0.198,-0.401,17
-0.043,12.177,0.11,1,0,0,0,0,0,0,0,0,0,0,0,0,0,0,1,4.727,0.978,-0.208,-0.436,28
-0.043,12.177,0.11,1,0,0,0,0,0,0,0,0,0,0,0,0,0,0,1,4.727,0.973,-0.204,-0.43,27
-0.043,12.177,0.11,1,0,0,0,0,0,0,0,0,0,0,0,0,0,0,1,4.727,0.926,-0.162,-0.384,30
-0.043,12.177,0.11,1,0,0,0,0,0,0,0,0,0,0,0,0,0,0,1,5.305,0.973,-0.21,-0.439,27
-0.043,12.177,0.11,1,0,0,0,0,0,0,0,0,0,0,0,0,0,0,1,5.305,0.849,-0.198,-0.401,16
-0.043,12.177,0.11,1,0,0,0,0,0,0,0,0,0,0,0,0,0,0,1,5.305,0.978,-0.208,-0.436,31
-0.043,12.177,0.11,1,0,0,0,0,0,0,0,0,0,0,0,0,0,0,1,5.305,0.973,-0.204,-0.43,28
-0.043,12.177,0.11,1,0,0,0,0,0,0,0,0,0,0,0,0,0,0,1,5.305,0.926,-0.162,-0.384,36
0.425,8.427,0.12,0,1,0,1,1,0,0,0,0,0,0,0,0,0,0,0,7.397,0.973,-0.21,-0.439,1
0.425,8.427,0.12,0,1,0,1,1,0,0,0,0,0,0,0,0,0,0,0,7.397,0.849,-0.198,-0.401,1
0.425,8.427,0.12,0,1,0,1,1,0,0,0,0,0,0,0,0,0,0,0,7.397,0.978,-0.208,-0.436,3
0.425,8.427,0.12,0,1,0,1,1,0,0,0,0,0,0,0,0,0,0,0,7.397,0.973,-0.204,-0.43,11
0.425,8.427,0.12,0,1,0,1,1,0,0,0,0,0,0,0,0,0,0,0,7.397,0.926,-0.162,-0.384,83
0.425,8.427,0.12,0,1,0,1,1,0,0,0,0,0,0,0,0,0,0,0,6.069,0.973,-0.21,-0.439,1
0.425,8.427,0.12,0,1,0,1,1,0,0,0,0,0,0,0,0,0,0,0,6.069,0.849,-0.198,-0.401,2
0.425,8.427,0.12,0,1,0,1,1,0,0,0,0,0,0,0,0,0,0,0,6.069,0.978,-0.208,-0.436,4
0.425,8.427,0.12,0,1,0,1,1,0,0,0,0,0,0,0,0,0,0,0,6.069,0.973,-0.204,-0.43,12
0.425,8.427,0.12,0,1,0,1,1,0,0,0,0,0,0,0,0,0,0,0,6.069,0.926,-0.162,-0.384,79
0.425,8.427,0.12,0,1,0,1,1,0,0,0,0,0,0,0,0,0,0,0,4.727,0.973,-0.21,-0.439,1
0.425,8.427,0.12,0,1,0,1,1,0,0,0,0,0,0,0,0,0,0,0,4.727,0.849,-0.198,-0.401,1
0.425,8.427,0.12,0,1,0,1,1,0,0,0,0,0,0,0,0,0,0,0,4.727,0.978,-0.208,-0.436,5
0.425,8.427,0.12,0,1,0,1,1,0,0,0,0,0,0,0,0,0,0,0,4.727,0.973,-0.204,-0.43,12
0.425,8.427,0.12,0,1,0,1,1,0,0,0,0,0,0,0,0,0,0,0,4.727,0.926,-0.162,-0.384,89
0.425,8.427,0.12,0,1,0,1,1,0,0,0,0,0,0,0,0,0,0,0,5.305,0.973,-0.21,-0.439,3
0.425,8.427,0.12,0,1,0,1,1,0,0,0,0,0,0,0,0,0,0,0,5.305,0.849,-0.198,-0.401,1
0.425,8.427,0.12,0,1,0,1,1,0,0,0,0,0,0,0,0,0,0,0,5.305,0.978,-0.208,-0.436,12
0.425,8.427,0.12,0,1,0,1,1,0,0,0,0,0,0,0,0,0,0,0,5.305,0.973,-0.204,-0.43,22
0.425,8.427,0.12,0,1,0,1,1,0,0,0,0,0,0,0,0,0,0,0,5.305,0.926,-0.162,-0.384,82
0.332,6.896,0.11,0,1,0,1,0,1,0,0,0,0,0,0,0,0,0,0,7.397,0.973,-0.21,-0.439,23
0.332,6.896,0.11,0,1,0,1,0,1,0,0,0,0,0,0,0,0,0,0,7.397,0.849,-0.198,-0.401,40
0.332,6.896,0.11,0,1,0,1,0,1,0,0,0,0,0,0,0,0,0,0,7.397,0.978,-0.208,-0.436,47
0.332,6.896,0.11,0,1,0,1,0,1,0,0,0,0,0,0,0,0,0,0,7.397,0.973,-0.204,-0.43,55
0.332,6.896,0.11,0,1,0,1,0,1,0,0,0,0,0,0,0,0,0,0,7.397,0.926,-0.162,-0.384,76
0.332,6.896,0.11,0,1,0,1,0,1,0,0,0,0,0,0,0,0,0,0,6.069,0.973,-0.21,-0.439,34
0.332,6.896,0.11,0,1,0,1,0,1,0,0,0,0,0,0,0,0,0,0,6.069,0.849,-0.198,-0.401,41
0.332,6.896,0.11,0,1,0,1,0,1,0,0,0,0,0,0,0,0,0,0,6.069,0.978,-0.208,-0.436,60
0.332,6.896,0.11,0,1,0,1,0,1,0,0,0,0,0,0,0,0,0,0,6.069,0.973,-0.204,-0.43,65
0.332,6.896,0.11,0,1,0,1,0,1,0,0,0,0,0,0,0,0,0,0,6.069,0.926,-0.162,-0.384,88
0.332,6.896,0.11,0,1,0,1,0,1,0,0,0,0,0,0,0,0,0,0,4.727,0.973,-0.21,-0.439,30
0.332,6.896,0.11,0,1,0,1,0,1,0,0,0,0,0,0,0,0,0,0,4.727,0.849,-0.198,-0.401,39
0.332,6.896,0.11,0,1,0,1,0,1,0,0,0,0,0,0,0,0,0,0,4.727,0.978,-0.208,-0.436,47
0.332,6.896,0.11,0,1,0,1,0,1,0,0,0,0,0,0,0,0,0,0,4.727,0.973,-0.204,-0.43,55
0.332,6.896,0.11,0,1,0,1,0,1,0,0,0,0,0,0,0,0,0,0,4.727,0.926,-0.162,-0.384,79
0.332,6.896,0.11,0,1,0,1,0,1,0,0,0,0,0,0,0,0,0,0,5.305,0.973,-0.21,-0.439,46
0.332,6.896,0.11,0,1,0,1,0,1,0,0,0,0,0,0,0,0,0,0,5.305,0.849,-0.198,-0.401,49
0.332,6.896,0.11,0,1,0,1,0,1,0,0,0,0,0,0,0,0,0,0,5.305,0.978,-0.208,-0.436,58
0.332,6.896,0.11,0,1,0,1,0,1,0,0,0,0,0,0,0,0,0,0,5.305,0.973,-0.204,-0.43,56
0.332,6.896,0.11,0,1,0,1,0,1,0,0,0,0,0,0,0,0,0,0,5.305,0.926,-0.162,-0.384,82
0.369,7.621,0.12,0,1,0,1,0,1,0,0,0,0,0,0,0,0,0,0,7.397,0.973,-0.21,-0.439,25
0.369,7.621,0.12,0,1,0,1,0,1,0,0,0,0,0,0,0,0,0,0,7.397,0.849,-0.198,-0.401,45
0.369,7.621,0.12,0,1,0,1,0,1,0,0,0,0,0,0,0,0,0,0,7.397,0.978,-0.208,-0.436,41
0.369,7.621,0.12,0,1,0,1,0,1,0,0,0,0,0,0,0,0,0,0,7.397,0.973,-0.204,-0.43,48
0.369,7.621,0.12,0,1,0,1,0,1,0,0,0,0,0,0,0,0,0,0,7.397,0.926,-0.162,-0.384,59
0.369,7.621,0.12,0,1,0,1,0,1,0,0,0,0,0,0,0,0,0,0,6.069,0.973,-0.21,-0.439,30
0.369,7.621,0.12,0,1,0,1,0,1,0,0,0,0,0,0,0,0,0,0,6.069,0.849,-0.198,-0.401,40
0.369,7.621,0.12,0,1,0,1,0,1,0,0,0,0,0,0,0,0,0,0,6.069,0.978,-0.208,-0.436,47
0.369,7.621,0.12,0,1,0,1,0,1,0,0,0,0,0,0,0,0,0,0,6.069,0.973,-0.204,-0.43,48
0.369,7.621,0.12,0,1,0,1,0,1,0,0,0,0,0,0,0,0,0,0,6.069,0.926,-0.162,-0.384,74
0.369,7.621,0.12,0,1,0,1,0,1,0,0,0,0,0,0,0,0,0,0,4.727,0.973,-0.21,-0.439,29
0.369,7.621,0.12,0,1,0,1,0,1,0,0,0,0,0,0,0,0,0,0,4.727,0.849,-0.198,-0.401,39
0.369,7.621,0.12,0,1,0,1,0,1,0,0,0,0,0,0,0,0,0,0,4.727,0.978,-0.208,-0.436,39
0.369,7.621,0.12,0,1,0,1,0,1,0,0,0,0,0,0,0,0,0,0,4.727,0.973,-0.204,-0.43,40
0.369,7.621,0.12,0,1,0,1,0,1,0,0,0,0,0,0,0,0,0,0,4.727,0.926,-0.162,-0.384,64
0.369,7.621,0.12,0,1,0,1,0,1,0,0,0,0,0,0,0,0,0,0,5.305,0.973,-0.21,-0.439,30
0.369,7.621,0.12,0,1,0,1,0,1,0,0,0,0,0,0,0,0,0,0,5.305,0.849,-0.198,-0.401,33
0.369,7.621,0.12,0,1,0,1,0,1,0,0,0,0,0,0,0,0,0,0,5.305,0.978,-0.208,-0.436,33
0.369,7.621,0.12,0,1,0,1,0,1,0,0,0,0,0,0,0,0,0,0,5.305,0.973,-0.204,-0.43,32
0.369,7.621,0.12,0,1,0,1,0,1,0,0,0,0,0,0,0,0,0,0,5.305,0.926,-0.162,-0.384,58
0.374,6.723,0.09,0,1,0,1,0,1,0,0,0,0,0,0,0,0,0,0,7.397,0.973,-0.21,-0.439,0
0.374,6.723,0.09,0,1,0,1,0,1,0,0,0,0,0,0,0,0,0,0,7.397,0.849,-0.198,-0.401,0
0.374,6.723,0.09,0,1,0,1,0,1,0,0,0,0,0,0,0,0,0,0,7.397,0.978,-0.208,-0.436,0
0.374,6.723,0.09,0,1,0,1,0,1,0,0,0,0,0,0,0,0,0,0,7.397,0.973,-0.204,-0.43,0
0.374,6.723,0.09,0,1,0,1,0,1,0,0,0,0,0,0,0,0,0,0,7.397,0.926,-0.162,-0.384,65
0.374,6.723,0.09,0,1,0,1,0,1,0,0,0,0,0,0,0,0,0,0,6.069,0.973,-0.21,-0.439,0
0.374,6.723,0.09,0,1,0,1,0,1,0,0,0,0,0,0,0,0,0,0,6.069,0.849,-0.198,-0.401,0
0.374,6.723,0.09,0,1,0,1,0,1,0,0,0,0,0,0,0,0,0,0,6.069,0.978,-0.208,-0.436,0
0.374,6.723,0.09,0,1,0,1,0,1,0,0,0,0,0,0,0,0,0,0,6.069,0.973,-0.204,-0.43,0
0.374,6.723,0.09,0,1,0,1,0,1,0,0,0,0,0,0,0,0,0,0,6.069,0.926,-0.162,-0.384,80
0.374,6.723,0.09,0,1,0,1,0,1,0,0,0,0,0,0,0,0,0,0,4.727,0.973,-0.21,-0.439,0
0.374,6.723,0.09,0,1,0,1,0,1,0,0,0,0,0,0,0,0,0,0,4.727,0.849,-0.198,-0.401,0
0.374,6.723,0.09,0,1,0,1,0,1,0,0,0,0,0,0,0,0,0,0,4.727,0.978,-0.208,-0.436,0
0.374,6.723,0.09,0,1,0,1,0,1,0,0,0,0,0,0,0,0,0,0,4.727,0.973,-0.204,-0.43,0
0.374,6.723,0.09,0,1,0,1,0,1,0,0,0,0,0,0,0,0,0,0,4.727,0.926,-0.162,-0.384,70
0.374,6.723,0.09,0,1,0,1,0,1,0,0,0,0,0,0,0,0,0,0,5.305,0.973,-0.21,-0.439,0
0.374,6.723,0.09,0,1,0,1,0,1,0,0,0,0,0,0,0,0,0,0,5.305,0.849,-0.198,-0.401,0
0.374,6.723,0.09,0,1,0,1,0,1,0,0,0,0,0,0,0,0,0,0,5.305,0.978,-0.208,-0.436,0
0.374,6.723,0.09,0,1,0,1,0,1,0,0,0,0,0,0,0,0,0,0,5.305,0.973,-0.204,-0.43,0
0.374,6.723,0.09,0,1,0,1,0,1,0,0,0,0,0,0,0,0,0,0,5.305,0.926,-0.162,-0.384,70
0.209,7.551,0.13,0,1,0,1,0,1,0,0,0,0,0,0,0,0,0,0,7.397,0.973,-0.21,-0.439,0
0.209,7.551,0.13,0,1,0,1,0,1,0,0,0,0,0,0,0,0,0,0,7.397,0.849,-0.198,-0.401,1
0.209,7.551,0.13,0,1,0,1,0,1,0,0,0,0,0,0,0,0,0,0,7.397,0.978,-0.208,-0.436,3
0.209,7.551,0.13,0,1,0,1,0,1,0,0,0,0,0,0,0,0,0,0,7.397,0.973,-0.204,-0.43,7
0.209,7.551,0.13,0,1,0,1,0,1,0,0,0,0,0,0,0,0,0,0,7.397,0.926,-0.162,-0.384,91
0.209,7.551,0.13,0,1,0,1,0,1,0,0,0,0,0,0,0,0,0,0,6.069,0.973,-0.21,-0.439,2
0.209,7.551,0.13,0,1,0,1,0,1,0,0,0,0,0,0,0,0,0,0,6.069,0.849,-0.198,-0.401,3
0.209,7.551,0.13,0,1,0,1,0,1,0,0,0,0,0,0,0,0,0,0,6.069,0.978,-0.208,-0.436,7
0.209,7.551,0.13,0,1,0,1,0,1,0,0,0,0,0,0,0,0,0,0,6.069,0.973,-0.204,-0.43,14
0.209,7.551,0.13,0,1,0,1,0,1,0,0,0,0,0,0,0,0,0,0,6.069,0.926,-0.162,-0.384,105
0.209,7.551,0.13,0,1,0,1,0,1,0,0,0,0,0,0,0,0,0,0,4.727,0.973,-0.21,-0.439,2
0.209,7.551,0.13,0,1,0,1,0,1,0,0,0,0,0,0,0,0,0,0,4.727,0.849,-0.198,-0.401,2
0.209,7.551,0.13,0,1,0,1,0,1,0,0,0,0,0,0,0,0,0,0,4.727,0.978,-0.208,-0.436,6
0.209,7.551,0.13,0,1,0,1,0,1,0,0,0,0,0,0,0,0,0,0,4.727,0.973,-0.204,-0.43,12
0.209,7.551,0.13,0,1,0,1,0,1,0,0,0,0,0,0,0,0,0,0,4.727,0.926,-0.162,-0.384,97
0.209,7.551,0.13,0,1,0,1,0,1,0,0,0,0,0,0,0,0,0,0,5.305,0.973,-0.21,-0.439,8
0.209,7.551,0.13,0,1,0,1,0,1,0,0,0,0,0,0,0,0,0,0,5.305,0.849,-0.198,-0.401,5
0.209,7.551,0.13,0,1,0,1,0,1,0,0,0,0,0,0,0,0,0,0,5.305,0.978,-0.208,-0.436,23
0.209,7.551,0.13,0,1,0,1,0,1,0,0,0,0,0,0,0,0,0,0,5.305,0.973,-0.204,-0.43,30
0.209,7.551,0.13,0,1,0,1,0,1,0,0,0,0,0,0,0,0,0,0,5.305,0.926,-0.162,-0.384,106
0.319,6.271,0.17,0,1,0,1,0,0,1,0,0,0,0,0,0,0,0,0,7.397,0.973,-0.21,-0.439,1
0.319,6.271,0.17,0,1,0,1,0,0,1,0,0,0,0,0,0,0,0,0,7.397,0.849,-0.198,-0.401,1
0.319,6.271,0.17,0,1,0,1,0,0,1,0,0,0,0,0,0,0,0,0,7.397,0.978,-0.208,-0.436,5
0.319,6.271,0.17,0,1,0,1,0,0,1,0,0,0,0,0,0,0,0,0,7.397,0.973,-0.204,-0.43,12
0.319,6.271,0.17,0,1,0,1,0,0,1,0,0,0,0,0,0,0,0,0,7.397,0.926,-0.162,-0.384,40
0.319,6.271,0.17,0,1,0,1,0,0,1,0,0,0,0,0,0,0,0,0,6.069,0.973,-0.21,-0.439,2
0.319,6.271,0.17,0,1,0,1,0,0,1,0,0,0,0,0,0,0,0,0,6.069,0.849,-0.198,-0.401,3
0.319,6.271,0.17,0,1,0,1,0,0,1,0,0,0,0,0,0,0,0,0,6.069,0.978,-0.208,-0.436,6
0.319,6.271,0.17,0,1,0,1,0,0,1,0,0,0,0,0,0,0,0,0,6.069,0.973,-0.204,-0.43,12
0.319,6.271,0.17,0,1,0,1,0,0,1,0,0,0,0,0,0,0,0,0,6.069,0.926,-0.162,-0.384,48
0.319,6.271,0.17,0,1,0,1,0,0,1,0,0,0,0,0,0,0,0,0,4.727,0.973,-0.21,-0.439,2
0.319,6.271,0.17,0,1,0,1,0,0,1,0,0,0,0,0,0,0,0,0,4.727,0.849,-0.198,-0.401,2
0.319,6.271,0.17,0,1,0,1,0,0,1,0,0,0,0,0,0,0,0,0,4.727,0.978,-0.208,-0.436,5
0.319,6.271,0.17,0,1,0,1,0,0,1,0,0,0,0,0,0,0,0,0,4.727,0.973,-0.204,-0.43,11
0.319,6.271,0.17,0,1,0,1,0,0,1,0,0,0,0,0,0,0,0,0,4.727,0.926,-0.162,-0.384,50
0.319,6.271,0.17,0,1,0,1,0,0,1,0,0,0,0,0,0,0,0,0,5.305,0.973,-0.21,-0.439,2
0.319,6.271,0.17,0,1,0,1,0,0,1,0,0,0,0,0,0,0,0,0,5.305,0.849,-0.198,-0.401,2
0.319,6.271,0.17,0,1,0,1,0,0,1,0,0,0,0,0,0,0,0,0,5.305,0.978,-0.208,-0.436,9
0.319,6.271,0.17,0,1,0,1,0,0,1,0,0,0,0,0,0,0,0,0,5.305,0.973,-0.204,-0.43,11
0.319,6.271,0.17,0,1,0,1,0,0,1,0,0,0,0,0,0,0,0,0,5.305,0.926,-0.162,-0.384,45
0.484,6.725,0.17,0,1,0,1,0,0,1,0,0,0,0,0,0,0,0,0,7.397,0.973,-0.21,-0.439,4
0.484,6.725,0.17,0,1,0,1,0,0,1,0,0,0,0,0,0,0,0,0,7.397,0.849,-0.198,-0.401,6
0.484,6.725,0.17,0,1,0,1,0,0,1,0,0,0,0,0,0,0,0,0,7.397,0.978,-0.208,-0.436,7
0.484,6.725,0.17,0,1,0,1,0,0,1,0,0,0,0,0,0,0,0,0,7.397,0.973,-0.204,-0.43,7
0.484,6.725,0.17,0,1,0,1,0,0,1,0,0,0,0,0,0,0,0,0,7.397,0.926,-0.162,-0.384,8
0.484,6.725,0.17,0,1,0,1,0,0,1,0,0,0,0,0,0,0,0,0,6.069,0.973,-0.21,-0.439,5
0.484,6.725,0.17,0,1,0,1,0,0,1,0,0,0,0,0,0,0,0,0,6.069,0.849,-0.198,-0.401,7
0.484,6.725,0.17,0,1,0,1,0,0,1,0,0,0,0,0,0,0,0,0,6.069,0.978,-0.208,-0.436,9
0.484,6.725,0.17,0,1,0,1,0,0,1,0,0,0,0,0,0,0,0,0,6.069,0.973,-0.204,-0.43,7
0.484,6.725,0.17,0,1,0,1,0,0,1,0,0,0,0,0,0,0,0,0,6.069,0.926,-0.162,-0.384,11
0.484,6.725,0.17,0,1,0,1,0,0,1,0,0,0,0,0,0,0,0,0,4.727,0.973,-0.21,-0.439,1
0.484,6.725,0.17,0,1,0,1,0,0,1,0,0,0,0,0,0,0,0,0,4.727,0.849,-0.198,-0.401,4
0.484,6.725,0.17,0,1,0,1,0,0,1,0,0,0,0,0,0,0,0,0,4.727,0.978,-0.208,-0.436,6
0.484,6.725,0.17,0,1,0,1,0,0,1,0,0,0,0,0,0,0,0,0,4.727,0.973,-0.204,-0.43,6
0.484,6.725,0.17,0,1,0,1,0,0,1,0,0,0,0,0,0,0,0,0,4.727,0.926,-0.162,-0.384,12
0.484,6.725,0.17,0,1,0,1,0,0,1,0,0,0,0,0,0,0,0,0,5.305,0.973,-0.21,-0.439,2
0.484,6.725,0.17,0,1,0,1,0,0,1,0,0,0,0,0,0,0,0,0,5.305,0.849,-0.198,-0.401,3
0.484,6.725,0.17,0,1,0,1,0,0,1,0,0,0,0,0,0,0,0,0,5.305,0.978,-0.208,-0.436,6
0.484,6.725,0.17,0,1,0,1,0,0,1,0,0,0,0,0,0,0,0,0,5.305,0.973,-0.204,-0.43,5
0.484,6.725,0.17,0,1,0,1,0,0,1,0,0,0,0,0,0,0,0,0,5.305,0.926,-0.162,-0.384,13
0.446,6.44,0.09,0,1,0,1,0,0,1,1,0,0,0,0,0,0,0,0,7.397,0.973,-0.21,-0.439,17
0.446,6.44,0.09,0,1,0,1,0,0,1,1,0,0,0,0,0,0,0,0,7.397,0.849,-0.198,-0.401,35
0.446,6.44,0.09,0,1,0,1,0,0,1,1,0,0,0,0,0,0,0,0,7.397,0.978,-0.208,-0.436,38
0.446,6.44,0.09,0,1,0,1,0,0,1,1,0,0,0,0,0,0,0,0,7.397,0.973,-0.204,-0.43,40
0.446,6.44,0.09,0,1,0,1,0,0,1,1,0,0,0,0,0,0,0,0,7.397,0.926,-0.162,-0.384,23
0.446,6.44,0.09,0,1,0,1,0,0,1,1,0,0,0,0,0,0,0,0,6.069,0.973,-0.21,-0.439,18
0.446,6.44,0.09,0,1,0,1,0,0,1,1,0,0,0,0,0,0,0,0,6.069,0.849,-0.198,-0.401,26
0.446,6.44,0.09,0,1,0,1,0,0,1,1,0,0,0,0,0,0,0,0,6.069,0.978,-0.208,-0.436,39
0.446,6.44,0.09,0,1,0,1,0,0,1,1,0,0,0,0,0,0,0,0,6.069,0.973,-0.204,-0.43,41
0.446,6.44,0.09,0,1,0,1,0,0,1,1,0,0,0,0,0,0,0,0,6.069,0.926,-0.162,-0.384,44
0.446,6.44,0.09,0,1,0,1,0,0,1,1,0,0,0,0,0,0,0,0,4.727,0.973,-0.21,-0.439,1
0.446,6.44,0.09,0,1,0,1,0,0,1,1,0,0,0,0,0,0,0,0,4.727,0.849,-0.198,-0.401,20
0.446,6.44,0.09,0,1,0,1,0,0,1,1,0,0,0,0,0,0,0,0,4.727,0.978,-0.208,-0.436,26
0.446,6.44,0.09,0,1,0,1,0,0,1,1,0,0,0,0,0,0,0,0,4.727,0.973,-0.204,-0.43,38
0.446,6.44,0.09,0,1,0,1,0,0,1,1,0,0,0,0,0,0,0,0,4.727,0.926,-0.162,-0.384,52
0.446,6.44,0.09,0,1,0,1,0,0,1,1,0,0,0,0,0,0,0,0,5.305,0.973,-0.21,-0.439,11
0.446,6.44,0.09,0,1,0,1,0,0,1,1,0,0,0,0,0,0,0,0,5.305,0.849,-0.198,-0.401,24
0.446,6.44,0.09,0,1,0,1,0,0,1,1,0,0,0,0,0,0,0,0,5.305,0.978,-0.208,-0.436,32
0.446,6.44,0.09,0,1,0,1,0,0,1,1,0,0,0,0,0,0,0,0,5.305,0.973,-0.204,-0.43,28
0.446,6.44,0.09,0,1,0,1,0,0,1,1,0,0,0,0,0,0,0,0,5.305,0.926,-0.162,-0.384,50
-0.061,13.702,0.13,1,0,0,0,0,0,0,0,1,0,0,0,0,0,0,0,7.397,0.973,-0.21,-0.439,11
-0.061,13.702,0.13,1,0,0,0,0,0,0,0,1,0,0,0,0,0,0,0,7.397,0.849,-0.198,-0.401,12
-0.061,13.702,0.13,1,0,0,0,0,0,0,0,1,0,0,0,0,0,0,0,7.397,0.978,-0.208,-0.436,17
-0.061,13.702,0.13,1,0,0,0,0,0,0,0,1,0,0,0,0,0,0,0,7.397,0.973,-0.204,-0.43,21
-0.061,13.702,0.13,1,0,0,0,0,0,0,0,1,0,0,0,0,0,0,0,7.397,0.926,-0.162,-0.384,23
-0.061,13.702,0.13,1,0,0,0,0,0,0,0,1,0,0,0,0,0,0,0,6.069,0.973,-0.21,-0.439,36
-0.061,13.702,0.13,1,0,0,0,0,0,0,0,1,0,0,0,0,0,0,0,6.069,0.849,-0.198,-0.401,26
-0.061,13.702,0.13,1,0,0,0,0,0,0,0,1,0,0,0,0,0,0,0,6.069,0.978,-0.208,-0.436,36
-0.061,13.702,0.13,1,0,0,0,0,0,0,0,1,0,0,0,0,0,0,0,6.069,0.973,-0.204,-0.43,41
-0.061,13.702,0.13,1,0,0,0,0,0,0,0,1,0,0,0,0,0,0,0,6.069,0.926,-0.162,-0.384,37
-0.061,13.702,0.13,1,0,0,0,0,0,0,0,1,0,0,0,0,0,0,0,4.727,0.973,-0.21,-0.439,83
-0.061,13.702,0.13,1,0,0,0,0,0,0,0,1,0,0,0,0,0,0,0,4.727,0.849,-0.198,-0.401,57
-0.061,13.702,0.13,1,0,0,0,0,0,0,0,1,0,0,0,0,0,0,0,4.727,0.978,-0.208,-0.436,83
-0.061,13.702,0.13,1,0,0,0,0,0,0,0,1,0,0,0,0,0,0,0,4.727,0.973,-0.204,-0.43,83
-0.061,13.702,0.13,1,0,0,0,0,0,0,0,1,0,0,0,0,0,0,0,4.727,0.926,-0.162,-0.384,48
-0.061,13.702,0.13,1,0,0,0,0,0,0,0,1,0,0,0,0,0,0,0,5.305,0.973,-0.21,-0.439,92
-0.061,13.702,0.13,1,0,0,0,0,0,0,0,1,0,0,0,0,0,0,0,5.305,0.849,-0.198,-0.401,77
-0.061,13.702,0.13,1,0,0,0,0,0,0,0,1,0,0,0,0,0,0,0,5.305,0.978,-0.208,-0.436,99
-0.061,13.702,0.13,1,0,0,0,0,0,0,0,1,0,0,0,0,0,0,0,5.305,0.973,-0.204,-0.43,91
-0.061,13.702,0.13,1,0,0,0,0,0,0,0,1,0,0,0,0,0,0,0,5.305,0.926,-0.162,-0.384,68
-0.112,13.83,0.14,1,0,0,0,0,0,0,0,1,0,0,0,0,0,0,0,7.397,0.973,-0.21,-0.439,18
-0.112,13.83,0.14,1,0,0,0,0,0,0,0,1,0,0,0,0,0,0,0,7.397,0.849,-0.198,-0.401,17
-0.112,13.83,0.14,1,0,0,0,0,0,0,0,1,0,0,0,0,0,0,0,7.397,0.978,-0.208,-0.436,9
-0.112,13.83,0.14,1,0,0,0,0,0,0,0,1,0,0,0,0,0,0,0,7.397,0.973,-0.204,-0.43,28
-0.112,13.83,0.14,1,0,0,0,0,0,0,0,1,0,0,0,0,0,0,0,7.397,0.926,-0.162,-0.384,29
-0.112,13.83,0.14,1,0,0,0,0,0,0,0,1,0,0,0,0,0,0,0,6.069,0.973,-0.21,-0.439,36
-0.112,13.83,0.14,1,0,0,0,0,0,0,0,1,0,0,0,0,0,0,0,6.069,0.849,-0.198,-0.401,41
-0.112,13.83,0.14,1,0,0,0,0,0,0,0,1,0,0,0,0,0,0,0,6.069,0.978,-0.208,-0.436,38
-0.112,13.83,0.14,1,0,0,0,0,0,0,0,1,0,0,0,0,0,0,0,6.069,0.973,-0.204,-0.43,42
-0.112,13.83,0.14,1,0,0,0,0,0,0,0,1,0,0,0,0,0,0,0,6.069,0.926,-0.162,-0.384,44
-0.112,13.83,0.14,1,0,0,0,0,0,0,0,1,0,0,0,0,0,0,0,4.727,0.973,-0.21,-0.439,79
-0.112,13.83,0.14,1,0,0,0,0,0,0,0,1,0,0,0,0,0,0,0,4.727,0.849,-0.198,-0.401,74
-0.112,13.83,0.14,1,0,0,0,0,0,0,0,1,0,0,0,0,0,0,0,4.727,0.978,-0.208,-0.436,85
-0.112,13.83,0.14,1,0,0,0,0,0,0,0,1,0,0,0,0,0,0,0,4.727,0.973,-0.204,-0.43,84
-0.112,13.83,0.14,1,0,0,0,0,0,0,0,1,0,0,0,0,0,0,0,4.727,0.926,-0.162,-0.384,66
-0.112,13.83,0.14,1,0,0,0,0,0,0,0,1,0,0,0,0,0,0,0,5.305,0.973,-0.21,-0.439,90
-0.112,13.83,0.14,1,0,0,0,0,0,0,0,1,0,0,0,0,0,0,0,5.305,0.849,-0.198,-0.401,85
-0.112,13.83,0.14,1,0,0,0,0,0,0,0,1,0,0,0,0,0,0,0,5.305,0.978,-0.208,-0.436,97
-0.112,13.83,0.14,1,0,0,0,0,0,0,0,1,0,0,0,0,0,0,0,5.305,0.973,-0.204,-0.43,89
-0.112,13.83,0.14,1,0,0,0,0,0,0,0,1,0,0,0,0,0,0,0,5.305,0.926,-0.162,-0.384,68
0.104,12.866,0.13,1,0,0,0,0,0,0,0,1,0,0,0,0,0,0,0,7.397,0.973,-0.21,-0.439,33
0.104,12.866,0.13,1,0,0,0,0,0,0,0,1,0,0,0,0,0,0,0,7.397,0.849,-0.198,-0.401,8
0.104,12.866,0.13,1,0,0,0,0,0,0,0,1,0,0,0,0,0,0,0,7.397,0.978,-0.208,-0.436,36
0.104,12.866,0.13,1,0,0,0,0,0,0,0,1,0,0,0,0,0,0,0,7.397,0.973,-0.204,-0.43,37
0.104,12.866,0.13,1,0,0,0,0,0,0,0,1,0,0,0,0,0,0,0,7.397,0.926,-0.162,-0.384,33
0.104,12.866,0.13,1,0,0,0,0,0,0,0,1,0,0,0,0,0,0,0,6.069,0.973,-0.21,-0.439,38
0.104,12.866,0.13,1,0,0,0,0,0,0,0,1,0,0,0,0,0,0,0,6.069,0.849,-0.198,-0.401,9
0.104,12.866,0.13,1,0,0,0,0,0,0,0,1,0,0,0,0,0,0,0,6.069,0.978,-0.208,-0.436,38
0.104,12.866,0.13,1,0,0,0,0,0,0,0,1,0,0,0,0,0,0,0,6.069,0.973,-0.204,-0.43,40
0.104,12.866,0.13,1,0,0,0,0,0,0,0,1,0,0,0,0,0,0,0,6.069,0.926,-0.162,-0.384,39
0.104,12.866,0.13,1,0,0,0,0,0,0,0,1,0,0,0,0,0,0,0,4.727,0.973,-0.21,-0.439,45
0.104,12.866,0.13,1,0,0,0,0,0,0,0,1,0,0,0,0,0,0,0,4.727,0.849,-0.198,-0.401,7
0.104,12.866,0.13,1,0,0,0,0,0,0,0,1,0,0,0,0,0,0,0,4.727,0.978,-0.208,-0.436,44
0.104,12.866,0.13,1,0,0,0,0,0,0,0,1,0,0,0,0,0,0,0,4.727,0.973,-0.204,-0.43,49
0.104,12.866,0.13,1,0,0,0,0,0,0,0,1,0,0,0,0,0,0,0,4.727,0.926,-0.162,-0.384,39
0.104,12.866,0.13,1,0,0,0,0,0,0,0,1,0,0,0,0,0,0,0,5.305,0.973,-0.21,-0.439,47
0.104,12.866,0.13,1,0,0,0,0,0,0,0,1,0,0,0,0,0,0,0,5.305,0.849,-0.198,-0.401,5
0.104,12.866,0.13,1,0,0,0,0,0,0,0,1,0,0,0,0,0,0,0,5.305,0.978,-0.208,-0.436,44
0.104,12.866,0.13,1,0,0,0,0,0,0,0,1,0,0,0,0,0,0,0,5.305,0.973,-0.204,-0.43,48
0.104,12.866,0.13,1,0,0,0,0,0,0,0,1,0,0,0,0,0,0,0,5.305,0.926,-0.162,-0.384,47
0.156,16.405,0.11,1,0,0,0,0,0,0,0,1,0,0,0,0,0,0,0,7.397,0.973,-0.21,-0.439,38
0.156,16.405,0.11,1,0,0,0,0,0,0,0,1,0,0,0,0,0,0,0,7.397,0.849,-0.198,-0.401,30
0.156,16.405,0.11,1,0,0,0,0,0,0,0,1,0,0,0,0,0,0,0,7.397,0.978,-0.208,-0.436,43
0.156,16.405,0.11,1,0,0,0,0,0,0,0,1,0,0,0,0,0,0,0,7.397,0.973,-0.204,-0.43,46
0.156,16.405,0.11,1,0,0,0,0,0,0,0,1,0,0,0,0,0,0,0,7.397,0.926,-0.162,-0.384,47
0.156,16.405,0.11,1,0,0,0,0,0,0,0,1,0,0,0,0,0,0,0,6.069,0.973,-0.21,-0.439,59
0.156,16.405,0.11,1,0,0,0,0,0,0,0,1,0,0,0,0,0,0,0,6.069,0.849,-0.198,-0.401,41
0.156,16.405,0.11,1,0,0,0,0,0,0,0,1,0,0,0,0,0,0,0,6.069,0.978,-0.208,-0.436,58
0.156,16.405,0.11,1,0,0,0,0,0,0,0,1,0,0,0,0,0,0,0,6.069,0.973,-0.204,-0.43,55
0.156,16.405,0.11,1,0,0,0,0,0,0,0,1,0,0,0,0,0,0,0,6.069,0.926,-0.162,-0.384,55
0.156,16.405,0.11,1,0,0,0,0,0,0,0,1,0,0,0,0,0,0,0,4.727,0.973,-0.21,-0.439,62
0.156,16.405,0.11,1,0,0,0,0,0,0,0,1,0,0,0,0,0,0,0,4.727,0.849,-0.198,-0.401,37
0.156,16.405,0.11,1,0,0,0,0,0,0,0,1,0,0,0,0,0,0,0,4.727,0.978,-0.208,-0.436,59
0.156,16.405,0.11,1,0,0,0,0,0,0,0,1,0,0,0,0,0,0,0,4.727,0.973,-0.204,-0.43,59
0.156,16.405,0.11,1,0,0,0,0,0,0,0,1,0,0,0,0,0,0,0,4.727,0.926,-0.162,-0.384,52
0.156,16.405,0.11,1,0,0,0,0,0,0,0,1,0,0,0,0,0,0,0,5.305,0.973,-0.21,-0.439,66
0.156,16.405,0.11,1,0,0,0,0,0,0,0,1,0,0,0,0,0,0,0,5.305,0.849,-0.198,-0.401,34
0.156,16.405,0.11,1,0,0,0,0,0,0,0,1,0,0,0,0,0,0,0,5.305,0.978,-0.208,-0.436,65
0.156,16.405,0.11,1,0,0,0,0,0,0,0,1,0,0,0,0,0,0,0,5.305,0.973,-0.204,-0.43,60
0.156,16.405,0.11,1,0,0,0,0,0,0,0,1,0,0,0,0,0,0,0,5.305,0.926,-0.162,-0.384,57
0.535,5.04,0.16,0,1,0,0,0,0,0,0,1,0,0,0,0,0,0,0,7.397,0.973,-0.21,-0.439,28
0.535,5.04,0.16,0,1,0,0,0,0,0,0,1,0,0,0,0,0,0,0,7.397,0.849,-0.198,-0.401,29
0.535,5.04,0.16,0,1,0,0,0,0,0,0,1,0,0,0,0,0,0,0,7.397,0.978,-0.208,-0.436,40
0.535,5.04,0.16,0,1,0,0,0,0,0,0,1,0,0,0,0,0,0,0,7.397,0.973,-0.204,-0.43,38
0.535,5.04,0.16,0,1,0,0,0,0,0,0,1,0,0,0,0,0,0,0,7.397,0.926,-0.162,-0.384,25
0.535,5.04,0.16,0,1,0,0,0,0,0,0,1,0,0,0,0,0,0,0,6.069,0.973,-0.21,-0.439,38
0.535,5.04,0.16,0,1,0,0,0,0,0,0,1,0,0,0,0,0,0,0,6.069,0.849,-0.198,-0.401,34
0.535,5.04,0.16,0,1,0,0,0,0,0,0,1,0,0,0,0,0,0,0,6.069,0.978,-0.208,-0.436,47
0.535,5.04,0.16,0,1,0,0,0,0,0,0,1,0,0,0,0,0,0,0,6.069,0.973,-0.204,-0.43,46
0.535,5.04,0.16,0,1,0,0,0,0,0,0,1,0,0,0,0,0,0,0,6.069,0.926,-0.162,-0.384,18
0.535,5.04,0.16,0,1,0,0,0,0,0,0,1,0,0,0,0,0,0,0,4.727,0.973,-0.21,-0.439,49
0.535,5.04,0.16,0,1,0,0,0,0,0,0,1,0,0,0,0,0,0,0,4.727,0.849,-0.198,-0.401,31
0.535,5.04,0.16,0,1,0,0,0,0,0,0,1,0,0,0,0,0,0,0,4.727,0.978,-0.208,-0.436,57
0.535,5.04,0.16,0,1,0,0,0,0,0,0,1,0,0,0,0,0,0,0,4.727,0.973,-0.204,-0.43,52
0.535,5.04,0.16,0,1,0,0,0,0,0,0,1,0,0,0,0,0,0,0,4.727,0.926,-0.162,-0.384,18
0.535,5.04,0.16,0,1,0,0,0,0,0,0,1,0,0,0,0,0,0,0,5.305,0.973,-0.21,-0.439,41
0.535,5.04,0.16,0,1,0,0,0,0,0,0,1,0,0,0,0,0,0,0,5.305,0.849,-0.198,-0.401,24
0.535,5.04,0.16,0,1,0,0,0,0,0,0,1,0,0,0,0,0,0,0,5.305,0.978,-0.208,-0.436,52
0.535,5.04,0.16,0,1,0,0,0,0,0,0,1,0,0,0,0,0,0,0,5.305,0.973,-0.204,-0.43,42
0.535,5.04,0.16,0,1,0,0,0,0,0,0,1,0,0,0,0,0,0,0,5.305,0.926,-0.162,-0.384,9
0.019,4.72,0.1,0,1,0,0,0,0,0,0,1,0,0,0,0,0,0,1,7.397,0.973,-0.21,-0.439,23
0.019,4.72,0.1,0,1,0,0,0,0,0,0,1,0,0,0,0,0,0,1,7.397,0.849,-0.198,-0.401,42
0.019,4.72,0.1,0,1,0,0,0,0,0,0,1,0,0,0,0,0,0,1,7.397,0.978,-0.208,-0.436,19
0.019,4.72,0.1,0,1,0,0,0,0,0,0,1,0,0,0,0,0,0,1,7.397,0.973,-0.204,-0.43,34
0.019,4.72,0.1,0,1,0,0,0,0,0,0,1,0,0,0,0,0,0,1,7.397,0.926,-0.162,-0.384,35
0.019,4.72,0.1,0,1,0,0,0,0,0,0,1,0,0,0,0,0,0,1,6.069,0.973,-0.21,-0.439,48
0.019,4.72,0.1,0,1,0,0,0,0,0,0,1,0,0,0,0,0,0,1,6.069,0.849,-0.198,-0.401,59
0.019,4.72,0.1,0,1,0,0,0,0,0,0,1,0,0,0,0,0,0,1,6.069,0.978,-0.208,-0.436,60
0.019,4.72,0.1,0,1,0,0,0,0,0,0,1,0,0,0,0,0,0,1,6.069,0.973,-0.204,-0.43,63
0.019,4.72,0.1,0,1,0,0,0,0,0,0,1,0,0,0,0,0,0,1,6.069,0.926,-0.162,-0.384,63
0.019,4.72,0.1,0,1,0,0,0,0,0,0,1,0,0,0,0,0,0,1,4.727,0.973,-0.21,-0.439,10
0.019,4.72,0.1,0,1,0,0,0,0,0,0,1,0,0,0,0,0,0,1,4.727,0.849,-0.198,-0.401,36
0.019,4.72,0.1,0,1,0,0,0,0,0,0,1,0,0,0,0,0,0,1,4.727,0.978,-0.208,-0.436,41
0.019,4.72,0.1,0,1,0,0,0,0,0,0,1,0,0,0,0,0,0,1,4.727,0.973,-0.204,-0.43,58
0.019,4.72,0.1,0,1,0,0,0,0,0,0,1,0,0,0,0,0,0,1,4.727,0.926,-0.162,-0.384,65
0.019,4.72,0.1,0,1,0,0,0,0,0,0,1,0,0,0,0,0,0,1,5.305,0.973,-0.21,-0.439,18
0.019,4.72,0.1,0,1,0,0,0,0,0,0,1,0,0,0,0,0,0,1,5.305,0.849,-0.198,-0.401,43
0.019,4.72,0.1,0,1,0,0,0,0,0,0,1,0,0,0,0,0,0,1,5.305,0.978,-0.208,-0.436,55
0.019,4.72,0.1,0,1,0,0,0,0,0,0,1,0,0,0,0,0,0,1,5.305,0.973,-0.204,-0.43,35
0.019,4.72,0.1,0,1,0,0,0,0,0,0,1,0,0,0,0,0,0,1,5.305,0.926,-0.162,-0.384,82
0.253,13.932,0.1,1,0,0,0,0,0,0,0,0,1,0,0,0,0,0,0,7.397,0.973,-0.21,-0.439,6
0.253,13.932,0.1,1,0,0,0,0,0,0,0,0,1,0,0,0,0,0,0,7.397,0.849,-0.198,-0.401,6
0.253,13.932,0.1,1,0,0,0,0,0,0,0,0,1,0,0,0,0,0,0,7.397,0.978,-0.208,-0.436,8
0.253,13.932,0.1,1,0,0,0,0,0,0,0,0,1,0,0,0,0,0,0,7.397,0.973,-0.204,-0.43,11
0.253,13.932,0.1,1,0,0,0,0,0,0,0,0,1,0,0,0,0,0,0,7.397,0.926,-0.162,-0.384,15
0.253,13.932,0.1,1,0,0,0,0,0,0,0,0,1,0,0,0,0,0,0,6.069,0.973,-0.21,-0.439,21
0.253,13.932,0.1,1,0,0,0,0,0,0,0,0,1,0,0,0,0,0,0,6.069,0.849,-0.198,-0.401,16
0.253,13.932,0.1,1,0,0,0,0,0,0,0,0,1,0,0,0,0,0,0,6.069,0.978,-0.208,-0.436,23
0.253,13.932,0.1,1,0,0,0,0,0,0,0,0,1,0,0,0,0,0,0,6.069,0.973,-0.204,-0.43,22
0.253,13.932,0.1,1,0,0,0,0,0,0,0,0,1,0,0,0,0,0,0,6.069,0.926,-0.162,-0.384,25
0.253,13.932,0.1,1,0,0,0,0,0,0,0,0,1,0,0,0,0,0,0,4.727,0.973,-0.21,-0.439,33
0.253,13.932,0.1,1,0,0,0,0,0,0,0,0,1,0,0,0,0,0,0,4.727,0.849,-0.198,-0.401,24
0.253,13.932,0.1,1,0,0,0,0,0,0,0,0,1,0,0,0,0,0,0,4.727,0.978,-0.208,-0.436,34
0.253,13.932,0.1,1,0,0,0,0,0,0,0,0,1,0,0,0,0,0,0,4.727,0.973,-0.204,-0.43,28
0.253,13.932,0.1,1,0,0,0,0,0,0,0,0,1,0,0,0,0,0,0,4.727,0.926,-0.162,-0.384,25
0.253,13.932,0.1,1,0,0,0,0,0,0,0,0,1,0,0,0,0,0,0,5.305,0.973,-0.21,-0.439,52
0.253,13.932,0.1,1,0,0,0,0,0,0,0,0,1,0,0,0,0,0,0,5.305,0.849,-0.198,-0.401,36
0.253,13.932,0.1,1,0,0,0,0,0,0,0,0,1,0,0,0,0,0,0,5.305,0.978,-0.208,-0.436,52
0.253,13.932,0.1,1,0,0,0,0,0,0,0,0,1,0,0,0,0,0,0,5.305,0.973,-0.204,-0.43,39
0.253,13.932,0.1,1,0,0,0,0,0,0,0,0,1,0,0,0,0,0,0,5.305,0.926,-0.162,-0.384,32
0.515,5.614,0.12,0,1,0,0,0,0,0,0,0,1,0,0,0,0,0,0,7.397,0.973,-0.21,-0.439,22
0.515,5.614,0.12,0,1,0,0,0,0,0,0,0,1,0,0,0,0,0,0,7.397,0.849,-0.198,-0.401,12
0.515,5.614,0.12,0,1,0,0,0,0,0,0,0,1,0,0,0,0,0,0,7.397,0.978,-0.208,-0.436,23
0.515,5.614,0.12,0,1,0,0,0,0,0,0,0,1,0,0,0,0,0,0,7.397,0.973,-0.204,-0.43,22
0.515,5.614,0.12,0,1,0,0,0,0,0,0,0,1,0,0,0,0,0,0,7.397,0.926,-0.162,-0.384,13
0.515,5.614,0.12,0,1,0,0,0,0,0,0,0,1,0,0,0,0,0,0,6.069,0.973,-0.21,-0.439,30
0.515,5.614,0.12,0,1,0,0,0,0,0,0,0,1,0,0,0,0,0,0,6.069,0.849,-0.198,-0.401,13
0.515,5.614,0.12,0,1,0,0,0,0,0,0,0,1,0,0,0,0,0,0,6.069,0.978,-0.208,-0.436,32
0.515,5.614,0.12,0,1,0,0,0,0,0,0,0,1,0,0,0,0,0,0,6.069,0.973,-0.204,-0.43,27
0.515,5.614,0.12,0,1,0,0,0,0,0,0,0,1,0,0,0,0,0,0,6.069,0.926,-0.162,-0.384,15
0.515,5.614,0.12,0,1,0,0,0,0,0,0,0,1,0,0,0,0,0,0,4.727,0.973,-0.21,-0.439,30
0.515,5.614,0.12,0,1,0,0,0,0,0,0,0,1,0,0,0,0,0,0,4.727,0.849,-0.198,-0.401,9
0.515,5.614,0.12,0,1,0,0,0,0,0,0,0,1,0,0,0,0,0,0,4.727,0.978,-0.208,-0.436,32
0.515,5.614,0.12,0,1,0,0,0,0,0,0,0,1,0,0,0,0,0,0,4.727,0.973,-0.204,-0.43,28
0.515,5.614,0.12,0,1,0,0,0,0,0,0,0,1,0,0,0,0,0,0,4.727,0.926,-0.162,-0.384,13
0.515,5.614,0.12,0,1,0,0,0,0,0,0,0,1,0,0,0,0,0,0,5.305,0.973,-0.21,-0.439,28
0.515,5.614,0.12,0,1,0,0,0,0,0,0,0,1,0,0,0,0,0,0,5.305,0.849,-0.198,-0.401,9
0.515,5.614,0.12,0,1,0,0,0,0,0,0,0,1,0,0,0,0,0,0,5.305,0.978,-0.208,-0.436,36
0.515,5.614,0.12,0,1,0,0,0,0,0,0,0,1,0,0,0,0,0,0,5.305,0.973,-0.204,-0.43,30
0.515,5.614,0.12,0,1,0,0,0,0,0,0,0,1,0,0,0,0,0,0,5.305,0.926,-0.162,-0.384,16
0.612,0.841,0.1,0,0,1,0,0,0,0,0,0,1,0,0,0,0,0,0,7.397,0.973,-0.21,-0.439,0
0.612,0.841,0.1,0,0,1,0,0,0,0,0,0,1,0,0,0,0,0,0,7.397,0.849,-0.198,-0.401,1
0.612,0.841,0.1,0,0,1,0,0,0,0,0,0,1,0,0,0,0,0,0,7.397,0.978,-0.208,-0.436,1
0.612,0.841,0.1,0,0,1,0,0,0,0,0,0,1,0,0,0,0,0,0,7.397,0.973,-0.204,-0.43,2
0.612,0.841,0.1,0,0,1,0,0,0,0,0,0,1,0,0,0,0,0,0,7.397,0.926,-0.162,-0.384,6
0.612,0.841,0.1,0,0,1,0,0,0,0,0,0,1,0,0,0,0,0,0,6.069,0.973,-0.21,-0.439,0
0.612,0.841,0.1,0,0,1,0,0,0,0,0,0,1,0,0,0,0,0,0,6.069,0.849,-0.198,-0.401,1
0.612,0.841,0.1,0,0,1,0,0,0,0,0,0,1,0,0,0,0,0,0,6.069,0.978,-0.208,-0.436,1
0.612,0.841,0.1,0,0,1,0,0,0,0,0,0,1,0,0,0,0,0,0,6.069,0.973,-0.204,-0.43,2
0.612,0.841,0.1,0,0,1,0,0,0,0,0,0,1,0,0,0,0,0,0,6.069,0.926,-0.162,-0.384,9
0.612,0.841,0.1,0,0,1,0,0,0,0,0,0,1,0,0,0,0,0,0,4.727,0.973,-0.21,-0.439,0
0.612,0.841,0.1,0,0,1,0,0,0,0,0,0,1,0,0,0,0,0,0,4.727,0.849,-0.198,-0.401,0
0.612,0.841,0.1,0,0,1,0,0,0,0,0,0,1,0,0,0,0,0,0,4.727,0.978,-0.208,-0.436,0
0.612,0.841,0.1,0,0,1,0,0,0,0,0,0,1,0,0,0,0,0,0,4.727,0.973,-0.204,-0.43,0
0.612,0.841,0.1,0,0,1,0,0,0,0,0,0,1,0,0,0,0,0,0,4.727,0.926,-0.162,-0.384,7
0.612,0.841,0.1,0,0,1,0,0,0,0,0,0,1,0,0,0,0,0,0,5.305,0.973,-0.21,-0.439,0
0.612,0.841,0.1,0,0,1,0,0,0,0,0,0,1,0,0,0,0,0,0,5.305,0.849,-0.198,-0.401,0
0.612,0.841,0.1,0,0,1,0,0,0,0,0,0,1,0,0,0,0,0,0,5.305,0.978,-0.208,-0.436,0
0.612,0.841,0.1,0,0,1,0,0,0,0,0,0,1,0,0,0,0,0,0,5.305,0.973,-0.204,-0.43,0
0.612,0.841,0.1,0,0,1,0,0,0,0,0,0,1,0,0,0,0,0,0,5.305,0.926,-0.162,-0.384,10
-0.02,13.838,0.13,1,0,0,0,0,0,0,0,0,0,1,0,0,0,0,0,7.397,0.973,-0.21,-0.439,46
-0.02,13.838,0.13,1,0,0,0,0,0,0,0,0,0,1,0,0,0,0,0,7.397,0.849,-0.198,-0.401,55
-0.02,13.838,0.13,1,0,0,0,0,0,0,0,0,0,1,0,0,0,0,0,7.397,0.978,-0.208,-0.436,62
-0.02,13.838,0.13,1,0,0,0,0,0,0,0,0,0,1,0,0,0,0,0,7.397,0.973,-0.204,-0.43,60
-0.02,13.838,0.13,1,0,0,0,0,0,0,0,0,0,1,0,0,0,0,0,7.397,0.926,-0.162,-0.384,52
-0.02,13.838,0.13,1,0,0,0,0,0,0,0,0,0,1,0,0,0,0,0,6.069,0.973,-0.21,-0.439,75
-0.02,13.838,0.13,1,0,0,0,0,0,0,0,0,0,1,0,0,0,0,0,6.069,0.849,-0.198,-0.401,79
-0.02,13.838,0.13,1,0,0,0,0,0,0,0,0,0,1,0,0,0,0,0,6.069,0.978,-0.208,-0.436,86
-0.02,13.838,0.13,1,0,0,0,0,0,0,0,0,0,1,0,0,0,0,0,6.069,0.973,-0.204,-0.43,82
-0.02,13.838,0.13,1,0,0,0,0,0,0,0,0,0,1,0,0,0,0,0,6.069,0.926,-0.162,-0.384,77
-0.02,13.838,0.13,1,0,0,0,0,0,0,0,0,0,1,0,0,0,0,0,4.727,0.973,-0.21,-0.439,74
-0.02,13.838,0.13,1,0,0,0,0,0,0,0,0,0,1,0,0,0,0,0,4.727,0.849,-0.198,-0.401,79
-0.02,13.838,0.13,1,0,0,0,0,0,0,0,0,0,1,0,0,0,0,0,4.727,0.978,-0.208,-0.436,84
-0.02,13.838,0.13,1,0,0,0,0,0,0,0,0,0,1,0,0,0,0,0,4.727,0.973,-0.204,-0.43,86
-0.02,13.838,0.13,1,0,0,0,0,0,0,0,0,0,1,0,0,0,0,0,4.727,0.926,-0.162,-0.384,78
-0.02,13.838,0.13,1,0,0,0,0,0,0,0,0,0,1,0,0,0,0,0,5.305,0.973,-0.21,-0.439,71
-0.02,13.838,0.13,1,0,0,0,0,0,0,0,0,0,1,0,0,0,0,0,5.305,0.849,-0.198,-0.401,77
-0.02,13.838,0.13,1,0,0,0,0,0,0,0,0,0,1,0,0,0,0,0,5.305,0.978,-0.208,-0.436,82
-0.02,13.838,0.13,1,0,0,0,0,0,0,0,0,0,1,0,0,0,0,0,5.305,0.973,-0.204,-0.43,74
-0.02,13.838,0.13,1,0,0,0,0,0,0,0,0,0,1,0,0,0,0,0,5.305,0.926,-0.162,-0.384,83
0.118,14.217,0.17,1,0,0,0,0,0,0,0,0,0,1,0,0,0,0,0,7.397,0.973,-0.21,-0.439,25
0.118,14.217,0.17,1,0,0,0,0,0,0,0,0,0,1,0,0,0,0,0,7.397,0.849,-0.198,-0.401,30
0.118,14.217,0.17,1,0,0,0,0,0,0,0,0,0,1,0,0,0,0,0,7.397,0.978,-0.208,-0.436,37
0.118,14.217,0.17,1,0,0,0,0,0,0,0,0,0,1,0,0,0,0,0,7.397,0.973,-0.204,-0.43,17
0.118,14.217,0.17,1,0,0,0,0,0,0,0,0,0,1,0,0,0,0,0,7.397,0.926,-0.162,-0.384,71
0.118,14.217,0.17,1,0,0,0,0,0,0,0,0,0,1,0,0,0,0,0,6.069,0.973,-0.21,-0.439,32
0.118,14.217,0.17,1,0,0,0,0,0,0,0,0,0,1,0,0,0,0,0,6.069,0.849,-0.198,-0.401,38
0.118,14.217,0.17,1,0,0,0,0,0,0,0,0,0,1,0,0,0,0,0,6.069,0.978,-0.208,-0.436,37
0.118,14.217,0.17,1,0,0,0,0,0,0,0,0,0,1,0,0,0,0,0,6.069,0.973,-0.204,-0.43,44
0.118,14.217,0.17,1,0,0,0,0,0,0,0,0,0,1,0,0,0,0,0,6.069,0.926,-0.162,-0.384,79
0.118,14.217,0.17,1,0,0,0,0,0,0,0,0,0,1,0,0,0,0,0,4.727,0.973,-0.21,-0.439,38
0.118,14.217,0.17,1,0,0,0,0,0,0,0,0,0,1,0,0,0,0,0,4.727,0.849,-0.198,-0.401,42
0.118,14.217,0.17,1,0,0,0,0,0,0,0,0,0,1,0,0,0,0,0,4.727,0.978,-0.208,-0.436,47
0.118,14.217,0.17,1,0,0,0,0,0,0,0,0,0,1,0,0,0,0,0,4.727,0.973,-0.204,-0.43,49
0.118,14.217,0.17,1,0,0,0,0,0,0,0,0,0,1,0,0,0,0,0,4.727,0.926,-0.162,-0.384,87
0.118,14.217,0.17,1,0,0,0,0,0,0,0,0,0,1,0,0,0,0,0,5.305,0.973,-0.21,-0.439,23
0.118,14.217,0.17,1,0,0,0,0,0,0,0,0,0,1,0,0,0,0,0,5.305,0.849,-0.198,-0.401,28
0.118,14.217,0.17,1,0,0,0,0,0,0,0,0,0,1,0,0,0,0,0,5.305,0.978,-0.208,-0.436,28
0.118,14.217,0.17,1,0,0,0,0,0,0,0,0,0,1,0,0,0,0,0,5.305,0.973,-0.204,-0.43,29
0.118,14.217,0.17,1,0,0,0,0,0,0,0,0,0,1,0,0,0,0,0,5.305,0.926,-0.162,-0.384,51
0.256,6.332,0.13,0,1,0,1,0,0,1,0,0,0,0,1,0,0,0,0,7.397,0.973,-0.21,-0.439,0
0.256,6.332,0.13,0,1,0,1,0,0,1,0,0,0,0,1,0,0,0,0,7.397,0.849,-0.198,-0.401,0
0.256,6.332,0.13,0,1,0,1,0,0,1,0,0,0,0,1,0,0,0,0,7.397,0.978,-0.208,-0.436,2
0.256,6.332,0.13,0,1,0,1,0,0,1,0,0,0,0,1,0,0,0,0,7.397,0.973,-0.204,-0.43,5
0.256,6.332,0.13,0,1,0,1,0,0,1,0,0,0,0,1,0,0,0,0,7.397,0.926,-0.162,-0.384,13
0.256,6.332,0.13,0,1,0,1,0,0,1,0,0,0,0,1,0,0,0,0,6.069,0.973,-0.21,-0.439,0
0.256,6.332,0.13,0,1,0,1,0,0,1,0,0,0,0,1,0,0,0,0,6.069,0.849,-0.198,-0.401,0
0.256,6.332,0.13,0,1,0,1,0,0,1,0,0,0,0,1,0,0,0,0,6.069,0.978,-0.208,-0.436,1
0.256,6.332,0.13,0,1,0,1,0,0,1,0,0,0,0,1,0,0,0,0,6.069,0.973,-0.204,-0.43,5
0.256,6.332,0.13,0,1,0,1,0,0,1,0,0,0,0,1,0,0,0,0,6.069,0.926,-0.162,-0.384,13
0.256,6.332,0.13,0,1,0,1,0,0,1,0,0,0,0,1,0,0,0,0,4.727,0.973,-0.21,-0.439,0
0.256,6.332,0.13,0,1,0,1,0,0,1,0,0,0,0,1,0,0,0,0,4.727,0.849,-0.198,-0.401,0
0.256,6.332,0.13,0,1,0,1,0,0,1,0,0,0,0,1,0,0,0,0,4.727,0.978,-0.208,-0.436,1
0.256,6.332,0.13,0,1,0,1,0,0,1,0,0,0,0,1,0,0,0,0,4.727,0.973,-0.204,-0.43,3
0.256,6.332,0.13,0,1,0,1,0,0,1,0,0,0,0,1,0,0,0,0,4.727,0.926,-0.162,-0.384,9
0.256,6.332,0.13,0,1,0,1,0,0,1,0,0,0,0,1,0,0,0,0,5.305,0.973,-0.21,-0.439,0
0.256,6.332,0.13,0,1,0,1,0,0,1,0,0,0,0,1,0,0,0,0,5.305,0.849,-0.198,-0.401,0
0.256,6.332,0.13,0,1,0,1,0,0,1,0,0,0,0,1,0,0,0,0,5.305,0.978,-0.208,-0.436,0
0.256,6.332,0.13,0,1,0,1,0,0,1,0,0,0,0,1,0,0,0,0,5.305,0.973,-0.204,-0.43,2
0.256,6.332,0.13,0,1,0,1,0,0,1,0,0,0,0,1,0,0,0,0,5.305,0.926,-0.162,-0.384,7
0.196,7.559,0.14,0,1,0,1,0,1,0,0,0,0,0,0,1,0,0,0,7.397,0.973,-0.21,-0.439,58
0.196,7.559,0.14,0,1,0,1,0,1,0,0,0,0,0,0,1,0,0,0,7.397,0.849,-0.198,-0.401,63
0.196,7.559,0.14,0,1,0,1,0,1,0,0,0,0,0,0,1,0,0,0,7.397,0.978,-0.208,-0.436,55
0.196,7.559,0.14,0,1,0,1,0,1,0,0,0,0,0,0,1,0,0,0,7.397,0.973,-0.204,-0.43,40
0.196,7.559,0.14,0,1,0,1,0,1,0,0,0,0,0,0,1,0,0,0,7.397,0.926,-0.162,-0.384,74
0.196,7.559,0.14,0,1,0,1,0,1,0,0,0,0,0,0,1,0,0,0,6.069,0.973,-0.21,-0.439,63
0.196,7.559,0.14,0,1,0,1,0,1,0,0,0,0,0,0,1,0,0,0,6.069,0.849,-0.198,-0.401,72
0.196,7.559,0.14,0,1,0,1,0,1,0,0,0,0,0,0,1,0,0,0,6.069,0.978,-0.208,-0.436,64
0.196,7.559,0.14,0,1,0,1,0,1,0,0,0,0,0,0,1,0,0,0,6.069,0.973,-0.204,-0.43,37
0.196,7.559,0.14,0,1,0,1,0,1,0,0,0,0,0,0,1,0,0,0,6.069,0.926,-0.162,-0.384,92
0.196,7.559,0.14,0,1,0,1,0,1,0,0,0,0,0,0,1,0,0,0,4.727,0.973,-0.21,-0.439,79
0.196,7.559,0.14,0,1,0,1,0,1,0,0,0,0,0,0,1,0,0,0,4.727,0.849,-0.198,-0.401,80
0.196,7.559,0.14,0,1,0,1,0,1,0,0,0,0,0,0,1,0,0,0,4.727,0.978,-0.208,-0.436,81
0.196,7.559,0.14,0,1,0,1,0,1,0,0,0,0,0,0,1,0,0,0,4.727,0.973,-0.204,-0.43,43
0.196,7.559,0.14,0,1,0,1,0,1,0,0,0,0,0,0,1,0,0,0,4.727,0.926,-0.162,-0.384,84
0.196,7.559,0.14,0,1,0,1,0,1,0,0,0,0,0,0,1,0,0,0,5.305,0.973,-0.21,-0.439,75
0.196,7.559,0.14,0,1,0,1,0,1,0,0,0,0,0,0,1,0,0,0,5.305,0.849,-0.198,-0.401,65
0.196,7.559,0.14,0,1,0,1,0,1,0,0,0,0,0,0,1,0,0,0,5.305,0.978,-0.208,-0.436,49
0.196,7.559,0.14,0,1,0,1,0,1,0,0,0,0,0,0,1,0,0,0,5.305,0.973,-0.204,-0.43,44
0.196,7.559,0.14,0,1,0,1,0,1,0,0,0,0,0,0,1,0,0,0,5.305,0.926,-0.162,-0.384,79
0.087,12.434,0.14,1,0,0,0,0,0,0,0,0,0,0,0,1,0,0,0,7.397,0.973,-0.21,-0.439,32
0.087,12.434,0.14,1,0,0,0,0,0,0,0,0,0,0,0,1,0,0,0,7.397,0.849,-0.198,-0.401,49
0.087,12.434,0.14,1,0,0,0,0,0,0,0,0,0,0,0,1,0,0,0,7.397,0.978,-0.208,-0.436,40
0.087,12.434,0.14,1,0,0,0,0,0,0,0,0,0,0,0,1,0,0,0,7.397,0.973,-0.204,-0.43,36
0.087,12.434,0.14,1,0,0,0,0,0,0,0,0,0,0,0,1,0,0,0,7.397,0.926,-0.162,-0.384,31
0.087,12.434,0.14,1,0,0,0,0,0,0,0,0,0,0,0,1,0,0,0,6.069,0.973,-0.21,-0.439,43
0.087,12.434,0.14,1,0,0,0,0,0,0,0,0,0,0,0,1,0,0,0,6.069,0.849,-0.198,-0.401,53
0.087,12.434,0.14,1,0,0,0,0,0,0,0,0,0,0,0,1,0,0,0,6.069,0.978,-0.208,-0.436,42
0.087,12.434,0.14,1,0,0,0,0,0,0,0,0,0,0,0,1,0,0,0,6.069,0.973,-0.204,-0.43,12
0.087,12.434,0.14,1,0,0,0,0,0,0,0,0,0,0,0,1,0,0,0,6.069,0.926,-0.162,-0.384,31
0.087,12.434,0.14,1,0,0,0,0,0,0,0,0,0,0,0,1,0,0,0,4.727,0.973,-0.21,-0.439,41
0.087,12.434,0.14,1,0,0,0,0,0,0,0,0,0,0,0,1,0,0,0,4.727,0.849,-0.198,-0.401,51
0.087,12.434,0.14,1,0,0,0,0,0,0,0,0,0,0,0,1,0,0,0,4.727,0.978,-0.208,-0.436,53
0.087,12.434,0.14,1,0,0,0,0,0,0,0,0,0,0,0,1,0,0,0,4.727,0.973,-0.204,-0.43,14
0.087,12.434,0.14,1,0,0,0,0,0,0,0,0,0,0,0,1,0,0,0,4.727,0.926,-0.162,-0.384,42
0.087,12.434,0.14,1,0,0,0,0,0,0,0,0,0,0,0,1,0,0,0,5.305,0.973,-0.21,-0.439,35
0.087,12.434,0.14,1,0,0,0,0,0,0,0,0,0,0,0,1,0,0,0,5.305,0.849,-0.198,-0.401,44
0.087,12.434,0.14,1,0,0,0,0,0,0,0,0,0,0,0,1,0,0,0,5.305,0.978,-0.208,-0.436,54
0.087,12.434,0.14,1,0,0,0,0,0,0,0,0,0,0,0,1,0,0,0,5.305,0.973,-0.204,-0.43,11
0.087,12.434,0.14,1,0,0,0,0,0,0,0,0,0,0,0,1,0,0,0,5.305,0.926,-0.162,-0.384,43
-0.054,9.547,0.13,1,0,0,0,0,0,0,0,0,0,0,0,0,1,0,0,7.397,0.973,-0.21,-0.439,2
-0.054,9.547,0.13,1,0,0,0,0,0,0,0,0,0,0,0,0,1,0,0,7.397,0.849,-0.198,-0.401,3
-0.054,9.547,0.13,1,0,0,0,0,0,0,0,0,0,0,0,0,1,0,0,7.397,0.978,-0.208,-0.436,3
-0.054,9.547,0.13,1,0,0,0,0,0,0,0,0,0,0,0,0,1,0,0,7.397,0.973,-0.204,-0.43,3
-0.054,9.547,0.13,1,0,0,0,0,0,0,0,0,0,0,0,0,1,0,0,7.397,0.926,-0.162,-0.384,3
-0.054,9.547,0.13,1,0,0,0,0,0,0,0,0,0,0,0,0,1,0,0,6.069,0.973,-0.21,-0.439,5
-0.054,9.547,0.13,1,0,0,0,0,0,0,0,0,0,0,0,0,1,0,0,6.069,0.849,-0.198,-0.401,8
-0.054,9.547,0.13,1,0,0,0,0,0,0,0,0,0,0,0,0,1,0,0,6.069,0.978,-0.208,-0.436,8
-0.054,9.547,0.13,1,0,0,0,0,0,0,0,0,0,0,0,0,1,0,0,6.069,0.973,-0.204,-0.43,9
-0.054,9.547,0.13,1,0,0,0,0,0,0,0,0,0,0,0,0,1,0,0,6.069,0.926,-0.162,-0.384,9
-0.054,9.547,0.13,1,0,0,0,0,0,0,0,0,0,0,0,0,1,0,0,4.727,0.973,-0.21,-0.439,5
-0.054,9.547,0.13,1,0,0,0,0,0,0,0,0,0,0,0,0,1,0,0,4.727,0.849,-0.198,-0.401,5
-0.054,9.547,0.13,1,0,0,0,0,0,0,0,0,0,0,0,0,1,0,0,4.727,0.978,-0.208,-0.436,7
-0.054,9.547,0.13,1,0,0,0,0,0,0,0,0,0,0,0,0,1,0,0,4.727,0.973,-0.204,-0.43,10
-0.054,9.547,0.13,1,0,0,0,0,0,0,0,0,0,0,0,0,1,0,0,4.727,0.926,-0.162,-0.384,9
-0.054,9.547,0.13,1,0,0,0,0,0,0,0,0,0,0,0,0,1,0,0,5.305,0.973,-0.21,-0.439,7
-0.054,9.547,0.13,1,0,0,0,0,0,0,0,0,0,0,0,0,1,0,0,5.305,0.849,-0.198,-0.401,5
-0.054,9.547,0.13,1,0,0,0,0,0,0,0,0,0,0,0,0,1,0,0,5.305,0.978,-0.208,-0.436,9
-0.054,9.547,0.13,1,0,0,0,0,0,0,0,0,0,0,0,0,1,0,0,5.305,0.973,-0.204,-0.43,11
-0.054,9.547,0.13,1,0,0,0,0,0,0,0,0,0,0,0,0,1,0,0,5.305,0.926,-0.162,-0.384,28
0.2,8.443,0.1,0,1,0,1,0,0,1,0,0,0,0,0,0,0,1,0,7.397,0.973,-0.21,-0.439,10
0.2,8.443,0.1,0,1,0,1,0,0,1,0,0,0,0,0,0,0,1,0,7.397,0.849,-0.198,-0.401,38
0.2,8.443,0.1,0,1,0,1,0,0,1,0,0,0,0,0,0,0,1,0,7.397,0.978,-0.208,-0.436,32
0.2,8.443,0.1,0,1,0,1,0,0,1,0,0,0,0,0,0,0,1,0,7.397,0.973,-0.204,-0.43,41
0.2,8.443,0.1,0,1,0,1,0,0,1,0,0,0,0,0,0,0,1,0,7.397,0.926,-0.162,-0.384,33
0.2,8.443,0.1,0,1,0,1,0,0,1,0,0,0,0,0,0,0,1,0,6.069,0.973,-0.21,-0.439,23
0.2,8.443,0.1,0,1,0,1,0,0,1,0,0,0,0,0,0,0,1,0,6.069,0.849,-0.198,-0.401,43
0.2,8.443,0.1,0,1,0,1,0,0,1,0,0,0,0,0,0,0,1,0,6.069,0.978,-0.208,-0.436,43
0.2,8.443,0.1,0,1,0,1,0,0,1,0,0,0,0,0,0,0,1,0,6.069,0.973,-0.204,-0.43,50
0.2,8.443,0.1,0,1,0,1,0,0,1,0,0,0,0,0,0,0,1,0,6.069,0.926,-0.162,-0.384,32
0.2,8.443,0.1,0,1,0,1,0,0,1,0,0,0,0,0,0,0,1,0,4.727,0.973,-0.21,-0.439,15
0.2,8.443,0.1,0,1,0,1,0,0,1,0,0,0,0,0,0,0,1,0,4.727,0.849,-0.198,-0.401,39
0.2,8.443,0.1,0,1,0,1,0,0,1,0,0,0,0,0,0,0,1,0,4.727,0.978,-0.208,-0.436,41
0.2,8.443,0.1,0,1,0,1,0,0,1,0,0,0,0,0,0,0,1,0,4.727,0.973,-0.204,-0.43,52
0.2,8.443,0.1,0,1,0,1,0,0,1,0,0,0,0,0,0,0,1,0,4.727,0.926,-0.162,-0.384,38
0.2,8.443,0.1,0,1,0,1,0,0,1,0,0,0,0,0,0,0,1,0,5.305,0.973,-0.21,-0.439,14
0.2,8.443,0.1,0,1,0,1,0,0,1,0,0,0,0,0,0,0,1,0,5.305,0.849,-0.198,-0.401,23
0.2,8.443,0.1,0,1,0,1,0,0,1,0,0,0,0,0,0,0,1,0,5.305,0.978,-0.208,-0.436,36
0.2,8.443,0.1,0,1,0,1,0,0,1,0,0,0,0,0,0,0,1,0,5.305,0.973,-0.204,-0.43,44
0.2,8.443,0.1,0,1,0,1,0,0,1,0,0,0,0,0,0,0,1,0,5.305,0.926,-0.162,-0.384,45
